app_name,userName,score_num,content,churn_label,prediction
Amazon Prime Video,Spooky Hakerskl,2,good shows to watch but no playback speed in it and sometimes  the audio play but it s just black screen,1,1
Amazon Prime Video,Gaurav Mishra,1,the only possible way to enjoy full quality is on the computer  no luck on smartphone  depends on the tv you own  like the fact it allows account sharing but hate the fact that some content have audio description by default on  it is easy to turn off though but it gets annoying,1,1
Amazon Prime Video,sam wiebe,1,the whole point of streaming services was to eliminate ads  now we have ads every few minutes unless you want to fork over fist fulls of money,1,1
Amazon Prime Video,SACHIN SHARMA,1,very poor service now take separate subscription for every service this is really disappointing but now when renewal time comes i will not renew this,1,1
Amazon Prime Video,Nicole Jones,1,if i see one more ad on my ad free account i ll file a formal complaint with attorney general s office  yes  that is illegal    if you pay for something and do not receive it  it is illegal  fix it or you can join your buddy at at t with having to pay people a ton of money for not doing what they said they do,1,1
Amazon Prime Video,Anmol Singh Tuteja,1,i m not able to full screen the video  the full screen button seems to be removed  why do you do such things  are the developers drunk,1,1
Amazon Prime Video,Richard,1,what s the use of paying subscription when you again ask for rent for watching a movie  jeff bezos  are you that poor,1,1
Amazon Prime Video,Esteban Turpin,1,bah oui c est tr s malin votre double identification quand on est   l  tranger bande de gros malin,1,1
Amazon Prime Video,Joel Chacko,1,can t turn off the stupid audio description,1,1
Amazon Prime Video,Jaime Sanchez Galvis,1,pagas para ver publicidad,1,0
Amazon Prime Video,Sopuruchi Ogbodo,5,nice one guy s please go and download it okay guys please go and download it okay guys please go and download it okay guys,0,0
Amazon Prime Video,umashankar parida,1,netflix      absolute perfect content  prime      mx player contents and prime contents are worst  ads never ending   amazon u should do delivery only content creation is not ur cup of tea,1,1
Amazon Prime Video,Chhotu Das,1,scam app all videos rent paid scam scam   adds adds no video zoom,1,1
Amazon Prime Video,Saumya Kansara,2,used to be a great app  now  just bunch of ads coming up every few mins  less streaming content  more and more ads  not worth the subscription,1,1
Amazon Prime Video,dom brooks,1,used to be a lot better until they started shoving more and more ads into it  its not even necessarily the ads themselves  though that is incredibly aggravating  its more that the ads seem to break the player and cause freezes and crashes  it s especially bad when the player is minimized  which you will want to do  to be able to use your device while ads are playing   the library isn t even that great  if i didn t get the service with my prime subscription  i d cancel it,1,1
Amazon Prime Video,Shailesh Gohil,1,not utilising full screen  zoom option is not available  i reinstalled application still having same issue,1,1
Amazon Prime Video,Jacobus Frans,5,love the series of movies,0,0
Amazon Prime Video,Zack Thomas,1,you know what you did to deserve this rating   sincerely  a disappointed prime video user,1,1
Amazon Prime Video,Kimberly Dobrez,1,downloaded shows still won t play without service or wifi    defeating the entire point of downloading content before not having service,1,1
Amazon Prime Video,D'ralle Joubert,1,i am a new user and the app is not allowing me into my account and there s no way to get help to fix the problem,1,1
Amazon Prime Video,Pargev Ghazaryan,2,nba stream keeps cutting on samsung tv,1,1
Amazon Prime Video,Yogesh,5,very entertaining app,0,0
Amazon Prime Video,Riyaz sohail,1,day by day this app is getting worse  only chutiyapaa,1,0
Amazon Prime Video,bhargav satya sai kiran somisetty,1,waste of money buying amazon prime account  literally i feel worst on ads while seeing a movie  i didnt buy again after my subscription was done,1,1
Amazon Prime Video,Suzanne,1,i pay for amazon prime  and have had the same subscription for ages  why are there suddenly ads,1,1
Amazon Prime Video,Anjali Kutwal,1,worsttt   why to watch ads   i wish there was a   rating,1,0
Amazon Prime Video,Shelly Jones,1,my continued watching list has disappeared  apparently on reddit this has been a continuous problem for other users the last   years  you already got my money and my data  the least you can do is keep my continue watching list at the top of my home page especially if you won t have a special tab page for it,1,1
Amazon Prime Video,Mukund Pandey,5,dear sir  when i play any video  why is only half the screen running  why can t i show it in full screen  there is no fun in watching the video in half screen  please fix this solution sir  only mobile,0,1
Amazon Prime Video,Rohit Kumar,1,prime lene ke baad v ads free ke liye or payment glt system h pura prime video ka,1,1
Amazon Prime Video,Jon B,1,incredibly poor ui for finding nba games  regularly buggy with chromecast  all around subpar product from a company with amazon s resources  adam silver does it again,1,1
Amazon Prime Video,Nichelle Ana,1,so many ads  i just watched   sets of   minute ads in a row with only    seconds of my movie before the next group of ads started  i timed them   times in a row     youre already charging more than twice an hourly wage just to use it,1,1
Amazon Prime Video,Brandon Roddy,1,on the new s   it still closes it self after open  day     of waiting for a patch,1,1
Amazon Prime Video,Catherine T.,1,i paid my subscription every month via telkomsel and haven t logged in for a while  when i tried to watch something today  i was asked to pay again while my subscription is still valid until oct   st,1,1
Amazon Prime Video,Kasharaju Jagadheeshwar,2,worst update can t zoom the video and customisation of subtitles,1,1
Amazon Prime Video,Jasmin Mushahary,1,it makes absolutely no sense that we still have to watch multiple ads in between even after paying  why are there additional fees just to remove ads  it s just plain dumb  furthermore  the   ad free   plan doesn t even include all subscriptions,1,1
Amazon Prime Video,Laura Blair,1,crashes with latest update  ran fine last week  foolishly updated it yesterday and now i cannot get through the opening credits without it crashing and exiting the app  i ve uninstalled  reinstalled  cleared cache  cleared user data  nothing works  if i can t use the app  i want my subscription fees back,1,1
Amazon Prime Video,Rijo Abraham,1,how to fullscreen to fit screen,1,1
Amazon Prime Video,Amanda Anderson,1,ads  after already paying good money  i m ready to quit my prime membership all together  on top of glitches like the warnings and x ray toasters never going away  so frustrating,1,1
Amazon Prime Video,Sonu Kumar,1,i feel   hz refresh rate,1,0
Amazon Prime Video,A Tittle,1,the app will not run  just keeps crashing  only on my tablet the phone is fine  i tried everything  reboot  uninstall and reinstall  nothing works  bad update,1,1
Amazon Prime Video,Joe Nugent,1,will force you to restart your movie if it s closed in the last    minutes and force you to watch      minutes of add to get back to the ending,1,1
Amazon Prime Video,Tiger Lily,1,why can t i watch in full screen on my cellphone anymore  ridiculous  fix it,1,1
Amazon Prime Video,Vivekanand Iyer (Anand Iyer),1,now  the video is gone  only audio can be heard    then   loandbehold   the video disappeared  after the last app update  even after the ads end  if i rewind    seconds or more  the full ads reappear repeatedly   primevideo  primevideoin  jagograhakjago pathetic app rollout plan without thorough testing  new update doesn t lock orientation  skips alternate episodes,1,1
Amazon Prime Video,Koushar Imam,1,i paid       just to see ads  hate this app now   please guys avoid taking subscriptions  this why piracy increase  stop taking subscription  every    mins you will see ads,1,1
Amazon Prime Video,S H Y A M 7,1,horrible the prime now is just unwatchable  tons of ads  they charge for the service and still show ads for additional revenue  totally greedy cheats,1,0
Amazon Prime Video,Larry Görlitz,1,as someone who doesn t own a television i use amazon prime on a samsung galaxy phone  for reasons i can t comprehend i m not able to fill the whole screen the way i can on free things like tubi,1,1
Amazon Prime Video,Rebel Droids (RebelDroid),1,i signed up for prime  but nothing works  on my fire stick any video just closes and the same on my phone  how can i fix this,1,1
Amazon Prime Video,Suvarn Patel,1,change the condition in mid of the contract  this is totally unprofessional behaviour  too much advertising at the start of the movie after full yearly subscription paid,1,1
Amazon Prime Video,Kiran Hs,1,why this application could not download even in   g android,1,1
Amazon Prime Video,AK TRADING INDIA,1,the most third class streaming app  being a major company how can they develop such a worst app,1,1
Amazon Prime Video,Ricardo,1,ads keep popping up every       minutes even though it s a paid service  horrible,1,1
Amazon Prime Video,Hannah,2,it sucks so much  the interface gets worse with wvery update  they added adds to most everything  you have to pay for all the good stuff seperately  and it wont let me download things right now  it just stopped working  it says that i am watching a video i m not  and won t download the videos until i stop  i watch two shows on it and an occasional movie  but only if they re downloadable,1,1
Amazon Prime Video,Valmiki Kumar,5,there is no need for such things at the present  so don t irritate by displaying it countlessly  so much wastage of time,0,0
Amazon Prime Video,Martin,1,video player as being crashed,1,1
Amazon Prime Video,Venkatesh Boddu,1,full of ads  even after taking prime membership,1,1
Amazon Prime Video,Lana Courtney,1,horrid app had   advert breaks for a single    minute long episode  multiple   minute long adverts  greedy and unusable  would give   stars if i could,1,0
Amazon Prime Video,G Gopi nath,5,muje xxx romanc video chaihe,0,1
Amazon Prime Video,harry 0099,1,i pay for prime mostly for fast delivery not this confusing app  prime video mixes paid and free titles  shows ads even for subscribers  and has one of the messiest uis i ve seen  the performance is so poor that even some small  unofficial streaming sites manage to load faster and feel more organized than this paid service  amazon should just focus on delivery  that s the only part they truly perfected,1,1
Amazon Prime Video,Abhinav,1,giving ads despite having their membership cheapos,1,1
Amazon Prime Video,Kavit Kamath,1,pay for prime  then still get ads  pay for prime and still subscribe to other in built subscription services  pay for prime and rent movies  no thank you,1,1
Amazon Prime Video,Vr Glow,1,reduced video quality in new updates  worst ott app  shows ads after prime subscription,1,1
Amazon Prime Video,Manishit Saha,1,even after downloading the movie through premium i can t play it,1,1
Amazon Prime Video,Montreal Resident,1,anytime i want to cast i need to uninstall reinstall the app  now not even that works  when i am finally able to get it to cast  i need to stop restart casting if i want to change shows   it takes forever  casting any other app  even the free ones  works flawlessly,1,1
Amazon Prime Video,James Gianfortone,1,as of            it sucks  for some reason now since the updates  every time you go back from watching something the page keeps refreshing  also they put a little ticker tape on the bottom of each live tv station  i understand you got to give a commercial but the commercials come in  x the volume of what you are watching  very very very very very very annoying and loud  and the commercials they put up do not come at a proper commercial break area  it s like losing the phone call on a cell phone,1,1
Amazon Prime Video,Sahil Deshmukh,1,this app has problem in my device,1,1
Amazon Prime Video,carole taylor,1,not able to sign up with amazon prime,1,0
Amazon Prime Video,Ana Vitória Batista Caceres,2,amava o prime  era muito bom  mas depois que colocaram an ncios ficou p ssimo  um minuto de an ncio umas tr s vezes em um epis dio se tornou muito chato  a gente j  paga  agora tem que pagar mais para n o ter an ncio  p ssimo,1,1
Amazon Prime Video,Ed Bevan-Henderson,2,ads interrupting tv shows  if i wanted that i d watch itv or c   garbage now  gonna wrap up the latest series i m watching then i m uninstalling this  you have enough of my money  jeff,1,1
Amazon Prime Video,Gregory Martz (Greg),1,app is completely not working for a new samsung tablet  it has worked for a long time before this  but now it s not  and i can t get a fix for it  works on every other device  i shouldn t have to uninstall   install this app to make it work   that wastes my time  would it even work after that  never seen this happen with an app  so this is unacceptable for a big company,1,1
Amazon Prime Video,Thakur Mintti,1,why have you guys spent billions and hired the best developers  but still don t have the sense to realize that when watching a movie  if the actors are holding a cigarette  it s fine to show  tobacco kills  at the bottom   but why on earth did you add a shadow effect at the top  now i m watching the entire movie like that  its like you hired unpaid interns to develop this app,1,0
Amazon Prime Video,avanish chandra,1,full screen video not coming  full screen mode doesn t work as good as apple devices   you guys charge so much but not able take care basic experience,1,1
Amazon Prime Video,Paula Smuts,5,interesting movies   recommend to people who are interested in books,0,1
Amazon Prime Video,Night Yuu,2,hate hate hate the new ui,1,0
Amazon Prime Video,Harsha P,1,officially the worst streaming platform   even after paying the complete subscription amount i am force to watch ads  even   ads for a    minutes episode   many of the contents which i watched earlier or now paid i need to pay extra for them    many of the trending content are not even available in india so what s the point of paying   the video player is one of the worst  it completely crunches the video i am forced to watch in a small screen with huge bezels,1,1
Amazon Prime Video,vicky rai,1,too many ads even after reaching      getting an amazon prime membership was the biggest mistake i made this year   plz don t please don t waste your money on these,1,1
Amazon Prime Video,Michael Dinuri,1,prime video is now the worst value in streaming  as a long time  paying subscriber  being forced to watch constant commercial breaks is unacceptable and feels like a bait and switch  amazon has not only demanded an additional monthly fee just to remove ads from included with prime content  but they still require extra payment  rent buy or channel subscription  for many individual movies and shows  the service is confusing  disruptive  and shows zero respect for paying customers,1,1
Amazon Prime Video,Martyn Hd,2,rope you in with no ads premium and then a year or two later raise subscription fee significantly whilst also adding ads is below the belt shameful for has limited stagnant content,1,1
Amazon Prime Video,Paul Bryan,1,amazon are just getting more greedy  when i started using prime video not one advert  roll on a few years and now the app is full of them  totally sick of the policy changing  keep doing this i m sure people like me will just stop using and stop our subscribitions,1,0
Amazon Prime Video,Demerol,1,minute ads even though you are a prime member  at first i thought maybe it was just a   time thing at the start of the movie  nope     minutes later another   minute ad  uninstalled this garbage immediately,1,1
Amazon Prime Video,Rishikesh Pal,1,this app is getting worse day by day  videos are not playing  even though downloads are not playing what this app s engineering team is doing i doubt it  if you guys are not able to maintain it just close this application,1,1
Amazon Prime Video,Shaun Mynhardt,1,my screen is always black when i try to watch something,1,1
Amazon Prime Video,Jennifer U,1,now the new update doesn t allow you to advance to the next episode from the video like you used to be able to  now you have to back out and go to the menu  it sucks,1,1
Amazon Prime Video,Suzette Pansegrouw,4,more variety than netflix,0,1
Amazon Prime Video,Ellie Sommerville,2,for some reason when i minimise the screen then go back to full screen it goes back to the start of the show  really annoying,1,1
Amazon Prime Video,Leah Liddiard,1,it s pathetic that you spam ads in the viewing demanding another   dollars  what is wrong with you  literally just dumb money scamming stuff and it s really disgusting  just offer prime video with a subscription not attached to prime shopping,1,1
Amazon Prime Video,Aditya Shetty,2,for a billion dollar company the user experience is pathetic  long ads and so many visible bugs,1,1
Amazon Prime Video,Tim Ottulich,1,brightness seems dimmer than before  no zoom in option  video doesn t touch any of the borders on my phone  it s like a shrunken video on my screen  unwatchable  please fix,1,0
Amazon Prime Video,Arthwr Ozaki,2,desde que o app atualizou deu layout  a qualidade dele caiu demais  ficou com a mesma qualidade de aplicativos pirateados  voc  n o tem mais a op  o de avan ar ou retroceder os epis dios pelo player  voc  precisa fechar o v deo e abrir a p gina da s rie para mudar os epis dios  ou ver at  o final  v rios erros de legendas come aram a surgir e bugs onde o  udio e legenda funcionam  mas n o d  imagem ou funciona parcial  resumindo  eu estou considerando cancelar a assinatura at,1,1
Amazon Prime Video,Anton W,2,amazon have access to some great shows and movies but ruin it by forcing customers into purchasing their ad free package  it s unfair that a    minute tv show runs for    minutes due to ad breaks every   minutes    it s a form of controlling manipulation and bullying behaviour by one of the largest companies in the world  be better or expect less customers every day,1,1
Amazon Prime Video,Murali Manohar,1,my review has been updated due to the introduction of advertisements after i subscribed  this change prompted me to discontinue using the prime service  it is concerning that the option to pay an additional fee for an ad free experience was not disclosed at the time of my subscription purchase  this policy was implemented approximately six months into my subscription  i find this to be a highly unfavorable business strategy,1,1
Amazon Prime Video,Arsh warloard,1,i paid for premium subscription and still getting ads  and the downloaded video activate audio discription automatically  i have a very bad experience on this app,1,1
Amazon Prime Video,Saswati Choudhury,2,worst app ever made it becomes blank when an add comes now adays      tymes u have to start the film again,1,1
Amazon Prime Video,Jerry Tracey,4,at last  the developers have  finally  fixed the crashes to desktop i have been experiencing with this app on my tablets for years,0,1
Amazon Prime Video,G,1,wants to run all the time every time it s updated  resource hog when not using,1,1
Amazon Prime Video,Phil S,1,as soon as i open the app  gambling ads  pathetic,1,1
Amazon Prime Video,Arjun Marvel,1,worst experience full of ads,1,1
Amazon Prime Video,Inventors vlog,1,pathetic user interface  intentionally they don t allow zoom fit in several movies,1,1
Amazon Prime Video,Jyotiraditya Chakraborty,1,the worst app i ve ever seen,1,1
Amazon Prime Video,amal s,1,compared to netflix  this was not up to the mark  but just kept the subscription  but now they are putting ads after shamelessly accepting money from the user  basically trying to milk more money  it s ok if you are worth it  but  well as a user  i don t see any worth even for what i m paying now  just unsubscribed amazon prime  just showing them their place  a note to amazon   if you re thinking that you have reached a level that you re unavoidable  well  there ll always be someone else  adi s,1,1
Amazon Prime Video,Just Me,1,they have learned nothing from netflix  the few free things they offer  have long adds  do what netflix does please  free or nothing   not even free when you pay for subs,1,1
Amazon Prime Video,Kerry Travers,1,plays for one day  then won t play video just sound  it sucks  i am done with my review and cannot submit it  not only does the video player not work this review won t let me send,1,0
Amazon Prime Video,Nikita Grove,1,i downloaded this aap and it is not open,1,1
Amazon Prime Video,Donna Graves,2,tnf constantly buffers and then the video is blurry  once the video clears up  the audio is off  happens with movies too but live football is far worse  none of our other streaming services do this  doesn t matter if we re on the roku tv  computer or phone,1,1
Amazon Prime Video,jagadeeswari Tindu,1,upgraded to one year plan without ads still ads are showing worst app,1,1
Amazon Prime Video,Muhammad Ali,1,prime is a joke now  had an opinion to fit the screen for the video  now it s gone and on top of that  i now have to pay extra to get ad free and subscribe to other channels to watch shows,1,1
Amazon Prime Video,Om Rajesh,2,full screen is not able to see why you have removed,1,1
Amazon Prime Video,sandesh korgaonkar,1,i am taking membership but some but some shows need to pay if we talking membership then any thin on listed on that plat form it will be free rented and any the payable show do not listed on prime video make seprate prop for that,1,1
Amazon Prime Video,Ritik Raj,2,it s irritating to not watch your content in full screen  most of the contents are not full screen nor any mechanism to make video full screen like gen v series,1,1
Amazon Prime Video,Juljan Daci,1,why at the english movies there is only the german version  if i wanted to see german movie then i would have to find one please just put the original sound most of the movies are like sht like this we are used to the original sound,1,1
Amazon Prime Video,Svenja,1,you pay for premium and still have to watch ads  and can t even access every title offered  there s so many you have to buy additionally  euro for one episode,1,1
Amazon Prime Video,Prajit Naskar,1,if i am paying for my service  i would expect to not see any ads but for each    mins episode there will be numerous ads which are really uncalled for  worst of all the streaming services,1,1
Amazon Prime Video,Shantanu Dubey,1,worst  they show you ads even after charging you with a premium  it s cheap  and very bad,1,1
Amazon Prime Video,M,1,glitchy and confusing  forced ads on subscribers and raised price  some older tv shows are not in the correct order and or are mislabeled  oddly treats seasons of tv shows as separate entities  i do not think the developers responsible for this have ever watched television,1,1
Amazon Prime Video,pushpak raj,1,too many ads for paid service,1,1
Amazon Prime Video,Keshav Rathi,1,you should add some good movies yaar,1,0
Amazon Prime Video,Prasasti Chandel,1,the worst streaming app ever even after the subscription it contains add and most of the content is either on rent or additional subscription  literally the worst platform looting people s money nothing else,1,1
Amazon Prime Video,Santhosh F,1,i paid     rs for yearly subscription still i getting ads   why should i even subscribed the plan    for watching    sec unstoppable ad,1,1
Amazon Prime Video,Prahlad Choudhary,1,this is the worst ott app  first buy a subscription for rs      per year  even after that its advertisements will come  and what s more  to watch any movie you have to pay separate rent for that movie  what nonsense is this,1,1
Amazon Prime Video,Mehul Rawal,1,mony hungry app   even having prime we have to buy adfree   so now prime is also considered as free only for adfree add extra mony,1,1
Amazon Prime Video,yogesh Kothari,1,worst play experience and too many ads even after subscription better go with the netflix,1,1
Amazon Prime Video,Mohd Aqeel Ansari,1,too much advertisements nowadays  initially it s not when i took a paid subscription,1,1
Amazon Prime Video,Vinay Rupesh,1,the latest android prime video mobile update is terrible  full screen mode isn t working  and because of that  the viewing experience is really bad,1,1
Amazon Prime Video,Happy Jay,1,say my phone number already as a account  it shouldn t plus making it need a phone number made making a account impossible now unless i do a ton of useless stuff yall are dumb,1,1
Amazon Prime Video,Siva Kumar,1,after the latest update of my phone samsung a   the app does not open,1,1
Amazon Prime Video,Susan Worline,1,i m giving   star because i do like the movies  fast shipping but i do not agree with jeff bezos helping trump destroy our democracy while he is getting more and more rich from prime memberships  i am canceling everything,1,1
Amazon Prime Video,christine lindsey,5,simple     no better way to say it than i love it,0,0
Amazon Prime Video,Sonny R.,1,it honestly cracks me up at this point when i think how much money amazon makes and how terrible this app is  the ui stinks and the app constantly crashes  sometimes just turning the volume up or down will crash the app  pay for no ads and you still get a ton of ads  absolute garbage fire,1,1
Amazon Prime Video,Marcus Strange,5,i like to use amazon prime video so i csn watch sports game for free on thursday night football,0,1
Amazon Prime Video,अभिषेक खडपकर (A K 1 1 7),1,full screen edge to edge not working,1,0
Amazon Prime Video,Akshat Verma,1,new updates are pathetic no zoom option or next episode option,1,1
Amazon Prime Video,Md Fuhad,5,on of the most favourite apps,0,0
Amazon Prime Video,Arul S,1,need brightness control   even lock control  after playing screen cast for sometime  prime player is going out and changing into different thing  after that change  i can only able to pause or stop from new controls  amazon search is the one of the worst search engine ever present  it need to spell the exact full spelling to get the expected movie even if you type mote than half it wouldn t suggest you anything  i don t know how this app survived these many years  i have lot of other probs too,1,1
Amazon Prime Video,jennifer mckee,5,very nice thank you so much,0,0
Amazon Prime Video,M Abhishek,1,very bad and worst inside app experience      you can t control resolution and brightness  it doesn t allow you to adjust the subtitles size,1,1
Amazon Prime Video,Sumayya Sumya,2,it s not ad free and doesn t give full screen experience,1,1
Amazon Prime Video,Rohit singh,1,worst user interface  subtitle setting has been removed post update,1,1
Amazon Prime Video,Lisa Mitchell,1,i have had for a while  the past two days  i have not been able to stream anything  please fix you take my money with no problem,1,1
Amazon Prime Video,Cosmin Vitman,1,minutes ads every few minutes of watching my show  what a joke,1,1
Amazon Prime Video,Cairistiona Swainson,1,worked well up until yesterday now it keeps crashing a few seconds after opening,1,1
Amazon Prime Video,Guinea Nord,1,scam  paid for premium and still get ads  will not be paying for prime anymore  for a    minute video you get   minutes of adds  might as well just download a free app  most free apps don t give you this many ads  save your money,1,1
Amazon Prime Video,P. G.,1,too many advertisements even after buying prime its irritating feels like a waste of money,1,1
Amazon Prime Video,Scodia Jacob,1,kept saying device limit reached when only one device is in use,1,0
Amazon Prime Video,ibrar hussain,1,bc lurn something from netflix video not allowed to zoom when i m playing any video your apps developer is a joker,1,1
Amazon Prime Video,Shreenivas S B,1,even after paying for a prime subscription  i m being asked to pay extra just to watch ad free content  this is really disappointing and misleading  a premium subscription should already include ad free streaming   stop charging twice for the same service,1,1
Amazon Prime Video,Anshuman Nayak,4,for watching you need to pay subscription but i like the app because pushpa movie is free to watch,0,0
Amazon Prime Video,Haridass TR,1,after the update  i couldn t see the video and could hear only the voice,1,1
Amazon Prime Video,Narashimaharaju Dk,5,i love my prime video,0,0
Amazon Prime Video,Nivedita Pachisia,1,i have to constantly uninstall and reinstall the app as it doesn t work properly,1,0
Amazon Prime Video,Evita Souz,1,irritating and disgusting screen adjustment feature   movies doesn t fit on phone screen,1,1
Amazon Prime Video,Sunil Kotturi,1,all good movies we need to rent out    the left once are just for prophylaxis,1,0
Amazon Prime Video,NaKeisha “Rashon” Beard,1,amazon prime are liers   can not trust them  they owe me some money for over charge me  don t trust amazon prime  they are not an up standing company,1,1
Amazon Prime Video,Saini Yash,1,sabse wahiyat  rd class app hai jab bhi suppression lene jata hun to aata hi nahin hai,1,1
Amazon Prime Video,* hiro,1,c mo siendo de las empresas con m s dinero tienen una aplicaci n tan mal hecha,1,1
Amazon Prime Video,John Smith,1,i am not paying you twice for an  add free  experience  you greedy corporation  you only have a few decent programmes on there anyway  the adds are so boring they make me wanna smash my tv  have a word with your greedy selves  disgraceful,1,1
Disney+ Hotstar,V Gopinath,1,hotstart app hangs and stuckup in tv application during every advertisement and annoying  even uninstall and update also not helped  exactly this issue appear after jio hotstar,1,1
Disney+ Hotstar,Pramod Singh Chauhan,2,improve your payment gateway option  in the age of upi it takes more than    minutes to load a payment page,1,1
Disney+ Hotstar,Bhuvana J,1,time to switch back to tv  such waste after subscription  every    min ads ads ads       also to watch one movie i need to bare  min per   min intervals  lol tvs are great now a days   stopped watching this stupid hotstar after merged with jio,1,1
Disney+ Hotstar,Ajad Yadav,5,this is an excellent app,0,0
Disney+ Hotstar,Harsh Mishra,5,they should also add more anime,0,1
Disney+ Hotstar,Dhanika Zagade,1,not so good does not open at all,1,0
Disney+ Hotstar,Rupa Varshini,1,too many ads very irritating,1,1
Disney+ Hotstar,Rahat Ulla,5,jio hotstar this aap is very usefull and good ilike this aap,0,1
Disney+ Hotstar,JAIGANESH,1,jio hotstar      recharge waste over ad        download very slow uninstall     airtel best,1,0
Disney+ Hotstar,Krati Singhal,1,are u guys ok or have some issue   i was watching bigg boss ott and you removed it from platform   seriously worst app,1,1
Disney+ Hotstar,Shifin Shamon,5,wonderful  excellent extra ordinary,0,0
Disney+ Hotstar,Ajinkya Arnav,1,disney hotstar that is usme paisa nahin lagta tha ismein to paisa bhi lagta hai to kya achcha app hai yah,1,1
Disney+ Hotstar,Sunil Kumar creations,1,it s like very worst quality of pictures,1,1
Disney+ Hotstar,Luke Infimate,2,please remove or stop showing horror movie ads while streaming  some of them are too scary and disturbing  kindly ensure that such horror clips are not shown as advertisements during movies or shows,1,0
Disney+ Hotstar,Ishan Khan,5,this best app for watching movies,0,0
Disney+ Hotstar,Protima Biswas 1509,1,i took a subscription of jiohotstar for balika vadhu but after some time this series was deleted from the app  my money was totally waste  this is the worst app ever    and so much ads also,1,1
Disney+ Hotstar,GAURAV KUMAR SHAH,5,very gud but alltime free please don t subscribe this app,0,1
Disney+ Hotstar,Saroj Yadav,1,there is no movie is seen and live matches,1,1
Disney+ Hotstar,G.Sridhar,5,i love it because the are giving free trials of subscription,0,1
Disney+ Hotstar,Karthik G,1,worst app after it became part of the jio  downloaded movies cannot be played ofline always it s shows some error,1,1
Disney+ Hotstar,Santhosh Dillu,2,times app not working,1,1
Disney+ Hotstar,Dillip Padhan,5,good actor and actress selection,0,0
Disney+ Hotstar,Fareeda Thaned,1,no baseerali no biggboss,1,1
Disney+ Hotstar,Rani S,5,super collections ekdum intresting movies,0,1
Disney+ Hotstar,Ranjeet Kumar,5,bhai jio hotstar app ekadam badhiya hai to koi si film dekh sakte ho bhi hindi dubbed,0,1
Disney+ Hotstar,Kalyani Chatterjee,2,my hotstar didn t starting but my other app is working but only hotstar didn t starting please do something my subscription is wasting,1,1
Disney+ Hotstar,Nethravathi S,1,very worst app with long unskip able add netflix is far better,1,1
Disney+ Hotstar,Uma Chandrashekar,5,jio hotstar is the best channel ever   best episodes  best movies and best sports are telecasting    i love jio hotstar   our own indian channel,0,0
Disney+ Hotstar,سید عدنان سید افسر,5,mujhe naruto shippuden chahie hotstar mein,0,1
Disney+ Hotstar,Arjun Raghav S Reddy,1,nowadays there are so many ads that we feel that not watching the movie is much better than watching the ads   there are about       ads breaks  approx    sec for ads  it s been so irritating to watch the movie please reduce the ads,1,1
Disney+ Hotstar,Aravindh Reddy,1,worst application this app is for only ads will make you tensions and bored  useless app,1,1
Disney+ Hotstar,Shivani Shinde,1,the worst app ever i seen  i m suscribe that third class aap just because of kasam tere pyar ki serial  and they showing on google also that serial available on hotstar and after my subscription i watch   epidode and suddenly they removed tht serial,1,1
Disney+ Hotstar,jaya jc,1,closing automatically  worst,1,1
Disney+ Hotstar,Bipin Patel,1,jiostar is so cheap taking only money no service always please try again please try again,1,0
Disney+ Hotstar,A Google user,1,one of the worse app i ever used i had subscribed to watch my favourite show but in the middle of the episode to the whole season is missing pathetic app plz bring voot back,1,1
Disney+ Hotstar,Poonam Devi,1,you are making ur app worst by adding these ads,1,1
Disney+ Hotstar,Sneha Ghawali,1,jio hotstar se to disney hotstar accha chalta tha,1,1
Disney+ Hotstar,Savitha Sindhe,5,this app is entertaining we watched all movies in this app it is so funny   this was full of helpful,0,1
Disney+ Hotstar,Ambrish S.,1,lots of advertisements,1,1
Disney+ Hotstar,Ajitha VD,5,it is a very good app,0,0
Disney+ Hotstar,Kirandeep,1,just uninstalled  horrible takes down hotstar etc  platform down too,1,1
Disney+ Hotstar,DAVENDRA KUMAR,1,hotstar ko liya hai tab se add bahut jyada aatavrahta bad experience      hot star best your time,1,1
Disney+ Hotstar,Yugal Singh,5,your hotstar is not running with a good internet this is a worst update i have please do something,0,1
Disney+ Hotstar,Piratti Murugan,5,very very very very very very very very very very very very very very very very very very very very good,0,0
Disney+ Hotstar,HIMANSHU KUMAR,5,it s a outstanding entertainment app  i like it so much   thank you reliance industries for availing such an app,0,0
Disney+ Hotstar,ashish,1,it is very slow  there are no updates for cricket  there are bugs  the app is very bad,1,1
Disney+ Hotstar,Kamalesh,5,jio hotstar movie super big box fan super big box adikaga matdan download panna superhero hotstar,0,1
Disney+ Hotstar,Fun with Kinjal and Garvit,1,i m extremely disappointed with disney  hotstar  the serial udne ki asha is being uploaded very late every day  after       pm  for almost a month  this is unacceptable for paid users  if this continues  my entire family of    members will cancel all hotstar subscriptions next year  fix your timing issue immediately   we pay for on   time uploads   not delays,1,1
Disney+ Hotstar,Aamir Ansari,4,ye bahut useful app hai,0,0
Disney+ Hotstar,Aysha Bagum,1,i think that they should not take money from us,1,1
Disney+ Hotstar,Nishant Kumar,1,don t dub anime   it s not good dubbing,1,0
Disney+ Hotstar,Rahul Pawar,1,if hotstar doesn t have my location permission then how are they showing me advertisement in telugu  i am a hindi speaking person and have never selected telugu as a language i am interested in  if the hotstar team is watching this review  email me,1,1
Disney+ Hotstar,Jigyasa Banjare,1,i hate this app   the shows content is not available which i wanted to watch like ishq mein marjawaan and all,1,0
Disney+ Hotstar,Prakash Lodhari,5,thank you   from jio mr jalpesh lodhari,0,0
Disney+ Hotstar,Harsh Chauhan,1,couldn t even pause  a new ad pops up and when it ends the show resumes  worst app i ve ever seen,1,1
Disney+ Hotstar,DEEP HING,1,they unnecessarily and abruptly removed the season   of balika vadhu and spoiled their reputation  they don t even imagine how much hatred they won due to this act  we humbly request to bring it back,1,1
Disney+ Hotstar,Karunakaran muthusamy,4,please delete subsciption allow to watch free jio hotstar subscription   free subscription   or allow to watch free,0,1
Disney+ Hotstar,Sakshi Dashora,4,kaisi yeh yaariyan session   not showing,0,0
Disney+ Hotstar,Munna Kumar gond,2,,1,1
Disney+ Hotstar,Dipanwita Pradhan Mun,1,this app owner is just a culprit     l subscribe to watch movies for   month     than l download some movies    for some reason l can t watch all download movies    when the subscription was expired my all download movies were disappear      this is too bad       even l never install this app anymore,1,0
Disney+ Hotstar,Kamal Manchanda,2,possibly worst ott app  if you watch on tv after a week  it ll get closed every few seconds  then uninstall  again install to make it work  what a waste of time and how annoying,1,1
Disney+ Hotstar,Chandrakant Sewani,5,ok i m every time showing jiohotsport,0,1
Disney+ Hotstar,SA,1,unable to watch woman world cup final getting     error,1,1
Disney+ Hotstar,Harshit Gupta,5,the new jiohotstar app welcome animation is crass  kindly fix it  it looks cheap,0,1
Disney+ Hotstar,Laxmipriya Sahoo,4,please add bigg boss all seasons and add others k drama please,0,1
Disney+ Hotstar,Ramesh Chandra Padihary,5,best anime app for  all anime watchers,0,0
Disney+ Hotstar,Manu Raj,4,very good experience,0,0
Disney+ Hotstar,Birju Yadav,1,subscription policy is worst,1,1
Disney+ Hotstar,Simran Gill,2,jaise pihle kisi bhi show ke neeche session aa jate the sbhi is update k bad only latest session hi ata hai aur koi bhi session nhi nikal skte hm pihle wale yeh ek update bhut wrong hai plz fix it hurry,1,1
Disney+ Hotstar,Ruchitha A,1,i subscribe this app  but it s very worst app very disappointed jio hotstar app  there is not respect customer feelings jio hotstar will vanish some shows of this platform  colour channel show ishq mein marjawan season   and ishq mein ghayal all episodes  however i very upset this faltfrom so i wake on this show on permanently  i done i hate this app  this app motivation will only earn the more money this app to the very discussed app  this app help line also not fulfills the customers demand,1,1
Disney+ Hotstar,Devu Pujari,4,i am one of the small subscriber of jio hotstar  one and only issue is adds showing   to    i am totally mental about this for reason,0,1
Disney+ Hotstar,Hiramani Molerakhi,1,not good                   you are taking money also you are not good than sonu liv,1,0
Disney+ Hotstar,Zamir Ahmad,1,very bad live cricket not supported,1,1
Disney+ Hotstar,Rahul Chavan,1,subscription le kar b koi faidha nhi hai mobile subscription pe b   nhi   nhi     ads aate hai kuch b matlab nhi haii faltu haii only scam haiii,1,0
Disney+ Hotstar,Ravi Pt,1,this is the worst app i cant even watch cartoons like teen titans go and cant download worst app,1,0
Disney+ Hotstar,Red Wei Wei,1,very bad  asking amount to see video s before disney hotstar not asking money to see video  i want previous version hotstar,1,1
Disney+ Hotstar,Mahendra,1,watching match or kids program this app should know what advt to put and what not to    absolutely mindless,1,1
Disney+ Hotstar,Bhupendra Solanki,1,ghatiya h dhire dhire paise leta h ad bhi deta h,1,1
Disney+ Hotstar,Harshit Gautam,1,waste of time and money  not at all,1,1
Disney+ Hotstar,Payal Kashyap,1,because my fvr  show delete,1,1
JioCinema,Ankit Bhardwaj,1,pement bolkr   rupye maangte ho sach bolna chaheye galat kyu bataya h verey bad aap sach bolna sikho yll,1,1
JioCinema,Soundarya Soundu,5,awesome i really enjoyed jiosaavn,0,0
JioCinema,P Samarasimhareddy,1,when i search songs it s not showing in browser i think it s not a good for me,1,1
JioCinema,Saish Bapat,5,good app for listing song l like it,0,0
JioCinema,Shivansh kumar,2,it would be easily   star but there are some concerns that s very necessary      the autoplay feature is very unstable and annoying for example after searching a song and playing it when i try to skip to next song there s no autoplay  sometimes there s      i can t add any song to queue when in autoplay mode it s also a major thing to fix      and lastly it doesn t grasp the type of song playing and just shuffles to any different genres  it s messes with the experience  plz try to fix this,1,0
JioCinema,Abhiram Pradhan,5,very nice song it is like,0,0
JioCinema,A Google user,5,this app is not working in phone it showing error of   check your internet connection,0,1
JioCinema,Allen Benny,5,massive indian music catalog  jiosaavn is particularly strong in its collection of bollywood hits  regional indian songs  in languages like hindi  tamil  telugu  punjabi  etc    and classical indian music  it boasts a library of over    million songs   affordability  the pricing for the jiosaavn pro subscription is generally considered competitive and affordable in the indian market compared to global rivals   jiotunes feature  for jio mobile users  the app allows setting favorite tracks as jio,0,0
JioCinema,Abhishek Kumar,5,very good aap super duper hit smart quality,0,0
JioCinema,Nitish Sharma,4,this is good but without ads,0,1
JioCinema,Sudip Bagdi,5,sudip bagdi very good,0,0
JioCinema,Karthick Murugan,5,nice to set a ringtone,0,0
JioCinema,Sangita Dave,5,very nice application,0,0
JioCinema,shobha pinjra,5,looking for my wish song from you,0,0
JioCinema,ANIT SARKAR BJP OFFICIAL,5,excellent excellent excellent,0,0
JioCinema,Shubham Bagri,5,this app is so good please downlod it and play sidhumosi ala songs,0,0
JioCinema,Manoj Gowda S,1,i added so many songs in liked songs but more     of them have been deleted,1,1
JioCinema,Reena Manat,5,very nice   very good   very veri so much nice,0,0
Netflix,keshav kuchana,2,i updated the app but the shows are just loading and loading  not even a single one is playing  i have good internet connection but it keeps happening  i sincerely didn t like this app  please don t take subscription,1,1
Netflix,tristan stout,4,netflix please bring back minecraft story mode,0,0
Netflix,Rishabh Sharma,1,i ve paid for the subscription and the app is stuck loading  tried restarting the device  cleared cache  uninstalled and reinstalled the app and it s still stuck loading,1,1
Netflix,David W,1,won t let me log on  called support and they asked if i was sharing my account  no but i pay for the extra account     a month i shouldn t have to fight to log on  i cancelled netflix  thank you saved me     a month,1,1
Netflix,Hamid Hamid,1,many beautiful films do not exist like creed,1,0
Netflix,Karen Glover,5,good but we hardly watched it,0,0
Netflix,Pranjeet Dey,5,netflix has tons of great movies  shows  and anime  the app is easy to use  and new content keeps things fresh  perfect for binge watching,0,0
Netflix,Nur raudhah Nur raudhah,5,amazing app for movies and series  great recommendations and hd streaming,0,0
Netflix,sana rafiq,4,i have been using netflix for years but my new phone is not having netflix pip though i have tried everything possible  it s hyperos phone  help me solve this issue asap,0,0
Netflix,Oz Mowszowski,4,it s netflix  nothing more,0,1
Netflix,Shamaila Yousaf,4,amazing  works well but sometimes the screen just freezes although i didn t do anything   i keep refreshing the site but it s not working  fix this bug,0,1
Netflix,Ahmad Ali Asghar,4,it is one of the best streaming apps but doesn t have some movies series and anime that i wanna watch,0,0
Netflix,Tru Sheehan,5,it s a great app and i love watching netflix so i like it,0,0
Netflix,rachel lindsay,5,i do think it a really good app for when your bored or enything like that because everything is on it but i xk which they would have more kids shows and movies they have a few just not a lot,0,0
Netflix,D P,1,i d give anything for the ability to hide games as i have zero interest  i d give anything to not see kids movies in the top    movies  not everyone has little kids in the house anymore  half the movies on the list are for kids so it s not really a top    list for an adult looking for a movie to watch  there s basically no adjustable settings in this app  that s it  get to work,1,0
Netflix,olivia nakayiza,1,it failed to play on my phones,1,1
Netflix,Nacional tan Chekz,5,cool to watch any kinds of usually action drama   horror films,0,1
Netflix,Sofiah Ortega,5,i love the movies especially jjk,0,0
Netflix,Arjun Mahato,1,add option to play at     x,1,1
Netflix,Rakesh jain,1,streaming issue is not yet resolved after the call help line even if the net speed is    mbps it s getting loaded only,1,1
Netflix,Abu Bakar,5,everybody knows netflix is best,0,0
Netflix,Tahreem Zahid,1,videos no longer playing  keep loading,1,1
Netflix,Marvelous Archibong,1,am not able to watch on netflix,1,0
Netflix,Chloe Parada,5,i love this one i like to netflix is so good that it s just a part that you can t go on your like sometimes like you want to go on your friend s account like you can because they might kick you out of that so yeah so i do remember mann to do to do this app,0,0
Netflix,Ojasya Dohare,4,why does the application play in the background  if it is a feature then why there isn t a toggle to turn it off,0,1
Netflix,Gyanendra Singh Chandrawat,2,good for streaming but downloads are really really slow or doesn t work at all  tried downloading episodes  never work when needed  waited for     minutes for a     mb episode to get download with     mbps internet while writing this review  still    downloaded,1,1
Netflix,Richy Mae Medalla,1,i really realy hate that auto subscription thingy  why do they even do this   it doesn t even confirm with the owner first if they want to continue or not,1,1
Netflix,Bob Brown,1,overpriced  recycled movies    not worth it,1,1
Netflix,You Tube Aj,1,it was a most wastage platform in the word i will delete this app because i am trying to sign in but it is not signing in  it is giving warning              and the warning is this  something went wrong  please try again later  so i will definitely delete this rubbish app        this app has wasted my maximum time,1,1
Netflix,Jackson Perez,5,i really got to see what i wanted to see on netflix,0,1
Netflix,keziah soriano,1,my subscription still continued even if i already cancelled it,1,1
Netflix,Opra Andola,1,can you add english subtitles to all shows  i downloaded it to watch naruto but was left disappointed with the lack of english subtitles,1,0
Netflix,Jhan Rhenan Serbol,1,i can t watch always on loading screen,1,1
Netflix,Ivan Antic,1,u cant end this when u want bcs they will charge u again,1,1
Netflix,Kim Przybylinski,1,gb space taken     ridiculous,1,1
Netflix,E,1,netflix is the worst  it s obvious they make it difficult to find something to watch on purpose  why bury the new to netflix row under    rows of garbage  why don t the shows i m actually watching appear in the continue watching row  unsubscribe  uninstall,1,1
Netflix,Zari Sweetie,5,i love to watching movies in daramas in netflix,0,0
Netflix,Myakeh Jhgra,2,lookism season   please,1,0
Netflix,Bobbie Mcconkey,5,i love the show love is blind and can only watch it on netflix,0,0
Netflix,1 தமிழன்டா.Thamizhanda,1,don t download this app  some times not working  don t waste your money,1,1
Netflix,Kunilata Muduli,5,gta vice city definitive edition and gta   definetive edition pls add iam waitbthis games,0,0
Netflix,ScottyBoy843,1,you are just a souless cable company now  the reason people use netflix is to not have to watch ads  but now we have to pay triple the price to get rid of them  greedy scumbags,1,1
Netflix,Aileen Estrella,1,netflix stop deleting my favourite movies i had enough of this,1,0
Netflix,rastagirl island dweller,5,i ve traveled this easily,0,1
Netflix,Swara Bhatia,1,and very limited movies,1,1
Netflix,Donna Shields,5,full  k movies  ultra hd     p movies,0,1
Netflix,Chase,1,literally nobody likes this horrible new ui that you forced on us  people have quite large tvs now adays and we don t need   foot wide panels for each show with only   showing on screen at a time  it literally takes an hour to browse through a small amount of shows  somebody should be fired for this,1,1
Netflix,Abu Taleb,1,,1,1
Netflix,Elizabeth Morris,2,freezes when opening the app so i can t watch anything,1,1
Netflix,Strawberry Milkshake,4,i love netflix  it s absolutely the best but it doesn t have everything  i m a big anime fan and i rely on netflix for anime but it doesn t have the anime i want and if it does  it doesn t have all the seasons  but otherwise  netflix is just perfect,0,0
Netflix,Md. Shafiqur Rahman,1,this is really a worse app   and it also waste if money,1,1
Netflix,Mihai Jianu,1,is it that hard to implement a damn history button    oh yes it is  because you recommend me things i have already seen and unmark things as seen after some time     good developers       how you made google allow you to control brightness i just don t know,1,1
Netflix,Graham Hibbert (PoPPa HoBBiT),2,video shows movies are not working on mobile devices,1,1
Netflix,Vijay Raj Vinay,4,screen navigation nice but they are very big when we select platforms that border shape are soo large   tv netflix also same but in tv sound experience is low volume please fix the problem of volumes the only background music is good sond but voice volumes can t listen we have give sound     then we can listen old netflix are good background volumes   voice volumes,0,0
Netflix,Alessia Becherescu,4,i love this app but there s something that i m not happy about  i have a lot of movies and series that i wanna watch but they re not on netflix anymore and i don t want to watch something else  that is similar to that  for example  jujutsu kaisen season   is not there or attack on titan  they are popular animes   i really want to know why,0,0
Netflix,Ophelia Gibson,1,unfortunately  it crashes hard every time i try and open it,1,1
Netflix,And peace,1,i cancelled my account in may ready to end in june  another payment was taken for another month  now had to cancel again  i ve checked devices logged in section and states the clock was   hour behind uk time logged in session  what is this please  this has updated payment on my bank app   for    payments  i don t have an account with you anymore,1,1
Netflix,Q,1,i ve permentantly canceled netflix  first the price increases  no account sharing  my shows being removed  then another insane price increase  causing me to drop down to the ad plan   insane amount of ridiculous and intrusive ads  now  you attack christian values so blatently and put lgbtq  movies and shows on my childs section of netflix  you are an extremely predatory company  that has gone way way too far time and time again  my entire friend and family group have now joined the boycott,1,1
Netflix,Rajaan AlRajaan,1,even when you stop your subscription and cancel your account they will still charge you and won t stop and no one will help,1,1
Netflix,Taszhmar Waker,5,i dont know but its just excellent,0,0
Netflix,Miguel,5,emergency netflix workers      if you click on a movie and the information screen comes up  with the play button  episodes  options etc  it starts playing the movie on half of the screen in the menu  if you do this with the movies coming to netflix  such as ready player one that comes to netflix later today  after the movie preview  the movie starts playing  eventually  the options screen goes away and you can watch the movie  i have just watched ready player one before it came out  please fix,0,1
Netflix,Gk Kabil,4,i searched google if  all of us are dead  available in tamil it said yes so i downloaded it  but it is not availabe in tamil  please solve soon,0,1
Netflix,Angelika Jane Juan,1,when i play an anime or any movie or series it s just a blank loading screen and when i download it it s still the same  i don t think it s connection issues or anything because any app i use doesn t lag  fix your app,1,1
Netflix,Keith White,1,garbage you have to pay for a subscription that still has ads like a lot of streaming platforms but their other subscription is overpriced for no ads and you have to be in the same household like what s the point of profiles if you have to use the same   tvs and also only two people can use netflix at a time  yea i hate it netflix has got rid of what makes it a good streaming platform and all of this for more profits when there already a well off company,1,0
Netflix,Abdullahi Abbakar,5,i like this app so much,0,1
Netflix,Roopesh V K,1,i m always getting the error and i m not able to wach videos   if i am not getting any errors im being told that i watch on other devices   wheras i have not logged on to anyother device expect this  very wors experience,1,1
Netflix,Helen Ononiwu,5,this app is not just because to show movie but find new things which makes me feel better and interesting,0,0
Netflix,doomer jesus,1,came installed with my phone and i m not allowed to uninstall it    star for that regardless of what it is  do i own this phone or not   otherwise  obviously it s awful  but every streaming service is awful all the same  there s just no reason not to use the  other  method of watching shows movies,1,0
Netflix,Eustencia Dike,1,why will i be debited after my subscription failed please refund back my money please,1,1
Netflix,Souvik B,1,reduce subscription charges  costs a fortune,1,0
Netflix,Anita Shihani,1,this is un understanding app i use,1,0
Netflix,SHUBHAM,4,most of series and movie are not dubbed  example naruto ext,0,1
Netflix,S,1,i pay for content  and travel  then don t get content i bought  you force people to use vpn to get what they originally purchased  bot don t auto reply,1,1
Netflix,bhavin parekh,1,unable to play any series or movie even after several restart  said experience is pre and post updated  able to play other app very smoothly like insta jio hotstar never faced such experience in last  yrs,1,1
Netflix,kevin Diaz,1,horrible  antes era mas amigable netflix a buen precio y sin restricciones  ahora solo puedo ver netflix en mi casa por que si salgo de ella piensa que no soy del hogar  que lamentable,1,1
Netflix,Subash Rai,5,in first i didn t have any idea to use it,0,0
Netflix,Olanipekun Esther,5,indian movie in english,0,0
Netflix,Elena Mejia,4,i love watching netflix,0,0
Netflix,Randall Eleazar Dumapal,1,please fix the error,1,1
Netflix,Ahmad Sanei,2,twice lost my offline downloads without any reason  no travel abroad  no vpn connection  no hotspot  nothing  they just vanished with no explanation or reason or popup they happily increased the price but the quality has decreased at least in my experience  and i ve been using netflix for more than    years,1,1
Netflix,Jessica Roland,1,for as much as i pay  i should be able to watch it on my phone  yes i did all of the indicated troubleshooting and no it s not my internet  can t even get on their website,1,1
Netflix,Karan Singh,1,everything is fine except the download speed is bad and it expires isse acha toh crome se download krke dekhlo kya fyda subscribtion kaa netflix server very bad for downloading mai ja raha install karne paise bar baad ho gaye,1,1
Netflix,mohamad zakwan yahaya,1,cannot play the movie after update   itskeep buffering,1,1
Netflix,Kristii N,5,straightforward  very easy to use this website,0,1
Netflix,Nevaeh Redoble,4,please add spider man into the spiderverse back,0,1
Netflix,Lei Dela Gracia,5,i hope netflix allows us users of netflix to create a folder and sort all the series  anime  movies we watched  instead of storing all in the list  like we have some option to create a folder on our profile and sort all in our choice,0,0
Netflix,Gaurav Patil,5,even after completing payment they saying they haven t received any payment and suspended my account for no reason  disney  is much better guys don t use this netflix cause their customer support is even worse  i m not gonna continue with netflix ever again,0,0
Netflix,Scott,5,i like this app   has no adds   no extra fees to pay for extra content  just pay one monthly subscription and everything is included in the price,0,1
Netflix,ROHAN KARTIKEYA V,4,it s great  that s all to say  i wouldn t mind the price although i have one request   stop removing shows off netflix     movies are fine,0,0
Netflix,Muntazir Khoso,5,really this app is v goood because i love it this app is very fast and best for all,0,0
Netflix,Sami Alam,1,not available on my galaxy watch,1,1
Netflix,Joyce L,5,wow i am an elder lady why i have to go trough all of this to watch my movies i have two tvs and my phone and they entertain me when i am in my livingroom i watch the big tv in my bedroom watch the    ins tv i now i can t see my christmas movie that plan to watch i will have to get something else so i can see my shows when i want this is too much netflix,0,1
Netflix,Almer Miranda,1,still deducted my money account even i am not subscriber  what a scam,1,1
Netflix,Karry Gaïna Normil,5,just wanna have the french translation of some chinese drama  please  specially love in the clouds,0,0
Netflix,Sebastian S.,1,i m not using netflix but i can t uninstall the app as it is bundled on my device and takes up space,1,0
Netflix,Preston Moore,1,no problems with the app initially  however i have always used my phone s mobile data to watch netflix since i don t have wifi  but now i can t because all of a sudden after   months with no issues i can t use my phone since its   not connected to the home wifi    why is this suddenly a problem when i ve never been connected to wifi in the first place  what is my   home wifi   if i don t have wifi  can no longer use the app which makes the app   stars,1,1
Netflix,Sunday Nambahu,1,i don t like the fact that every time i have to log in to my account  i have to sign with a code  this app is trying to run my account for me  this code thing is really annoying   it logs you out  and every time it happens  i ll have to get a code   what happened to using my own password  bring that back cause there is no use of your platforms asking me to create a password that i won t be using  it s really annoying  let me run my own account since i m the one that pays for it,1,1
Netflix,Amechi Promise,2,add more interactive stories game to d app,1,0
Netflix,M,2,its decent  subtitles are often inaccurate  keeps advertising games with seemingly no way to hide them  somewhat buggy  the library isn t great  but serviceable,1,0
Netflix,Marko Despotovic,1,ads and still have to pay to watch,1,1
Netflix,Robert Jones,1,theres this little show called lego ninjago  your contract ended with   of the seasons  including the oni trilogy which was the best and greatest part of the whole show  i love this show so for the love of god get that contract back im tryna make ninjago edits,1,0
Netflix,Pinder Sharma,1,my phone samsung s   snapdragon processor gen   relaunching august       problem not netflix hdr supporting,1,1
Netflix,Ihsan (KyonWorld),2,day by day you made the app heavier  what have you done  spied us  my device is heating up just to watch couple episodes of series  device z flip    your competitor   prime   don t even have this heat issue  it s like you ve made a spied apps that are running in the background,1,0
Netflix,Masetshaba Mapitse Motshekga,1,why can t i see everything on my netflix  even now there is a new show in south africa called bad influence and i can t see it when i search for it  what s wrong with my netflix,1,1
Netflix,Kevin m,2,this app cant replay live streams for s     everytime i replay a live stream it goes through half the show and then restarts but the timestamp doesnt change,1,1
Netflix,Joaquina Ledezma Roca,4,espero que sean peliculas nuevas,0,1
Netflix,rexhep imeri,1,i like netflix but it is with money pls make without it i mean make it free,1,1
Netflix,Crystal Jones,5,love the app but i had to uninstall and reinstall because i could hear the movie but not see anything accept the subtitles just a black screen with words it was strange hopefully this fixes it,0,0
Netflix,chukwuma,1,no videos are playing my download are playing either,1,1
Netflix,Zenaida Baek,5,why my netflix always need update its ok if no updating always please,0,1
Netflix,Florence Kashyap,1,hang  worst app  only buffering,1,1
Netflix,Laurie Starr,5,i love the ease  i wish after they send a link to my results it should just confirm i love it saves series too,0,0
Netflix,MessyAndDepressy,1,i have two wifi networks in my singular house and now netflix wants me to get another account to watch whenever i get on my other wifi network  also  both of the tvs in the house are connected  one to each wifi  and guess what  same thing  i am not buying another subscription  in fact i am cancelling my premium subscription,1,1
Netflix,Stephanie Imarhia,5,more  beta version  please   thanks,0,0
Netflix,Subhankar Dalai,4,good also   i love it every movie was outstanding,0,0
Netflix,Somnath Banerjee,1,not opening after update,1,1
Netflix,Rommel Tolentino,5,i will watch the new kpop demon hunters,0,0
Netflix,vikas vicky,1,there is no kannada movies and shows,1,1
SonyLIV,Anurag Gaikwad,4,to many advertisement,0,1
SonyLIV,Jobin Jose,1,think about screen rotation,1,1
SonyLIV,Mahak Srivastava,2,worst experience using this app no use of paying for subscription as you have to see     ads in between wether you have subscription or not,1,1
SonyLIV,Bhuban Mohan Singh,1,don t work on wifi network  app doesn t load  this review             today   th oct      the app is useless  still the videos are not playing even downloaded ones are not playing  my internet speed is pretty good,1,1
SonyLIV,Rushik Dave,1,this app is useless for me as it s not working in my tv,1,1
SonyLIV,Lallucy Ralte,1,can t find anything  useless app  uninstalled,1,1
SonyLIV,Aditya Lingolu,1,why most important matches are given to u guys  its always something or the other  lag earlier   today commentary issues    sonyliv is let down  tough i ll say u video quality is improved  so many ads feels like  st episode of black mirror,1,0
SonyLIV,Kartik Singh,1,stupid app ever     it takes more that   hours to finish   hours movie i have watched more ads then that movie it was so irritating and frustrating i hate the person behind this greedy attempt to earn some money from those ads please stop or atleast reduce that ads,1,1
SonyLIV,Avi Biswas,1,worst app ever   too much add    without premium useless,1,1
SonyLIV,T. M. Adib Mahamud,1,buffering issue  app loading issue,1,1
SonyLIV,Anamika Rana,1,showing adds in the middle of every song while watching indian idol  showing     adds every time  is it premium experience,1,1
SonyLIV,sahil agarwal,1,even after paying subscription   i am seeing    ads in    min video,1,1
SonyLIV,Baraiya Parth,1,no words to say very disappointed,1,1
SonyLIV,Sriram TR,1,the worst app ever  despite paying so much for the subscription  you have to go through their long irritating ads on everything you watch  app performance is also not upto the mark  please stop signing up with sonyliv,1,1
SonyLIV,Guriya Kumari,5,i love indian idol   and shreya ghoshal,0,0
SonyLIV,Vineetha Shaji,1,very bad service  once we subscribe to the app  we can not cancel the subscription,1,1
SonyLIV,Kishore Singh,1,horrible ads    in premium they show ads like anything,1,1
SonyLIV,SHREYAS KUDE,1,downloaded movies get expired very soon  pure non sense   not even    days,1,1
SonyLIV,Nabam Nyakum,1,too many ads  as the video progresses  the number of ads increases  this is a terrible experience,1,1
SonyLIV,Payal Sahu,5,this app is very good but it has a lot of ads and hence it does not feel good to watch shows,0,0
SonyLIV,Rit Esh,1,if we have to watch ads after paying for subscription then what is the use of paying for subscription,1,1
SonyLIV,sravan kumar,1,worst app we have to watch ads after taking highest paid subscription worst app please cancel your ufc contract give it to some one else,1,1
SonyLIV,Pranav Barve,1,despite of premium subscription  they are showing ads  i saw total   ads for a football highlights video of   mins  they start ads in between multiple times and ruin the experience,1,1
SonyLIV,Pooja Upadhyay,1,payment autocut from my account  i have took one time subscription  pls refund my money,1,1
SonyLIV,Ryan Fernandes,1,worst streaming app out there by a mile   soo many ads    just watched   mins of ads for   mins of highlights  whats the point of paying for premium if there are so many ads,1,1
SonyLIV,Air Cortez,1,app crashes while streaming live sports matches  terrible experience      ads over a span of    minutes content is just pure greed,1,1
SonyLIV,Bharath kumar,1,too many ads it irritates alot where a series of ads comes just after   minutes worst ott experience i ve ever experienced in my life and never in my life i will download this app and watch any show  series or movie,1,1
SonyLIV,rezon lopes,1,worst app  terrible support  do not install,1,1
SonyLIV,arun kumar,1,too many advertisements  trying to watch a    min highlights and i am bombarded with     ads every two minutes  it s just annoying pathetic and irritable to watch such ads in short frequency even tvs are far better and have a considerable  really a poor strategy from sony  i would rather watch from you tube or other otts,1,1
SonyLIV,Nair Sujitha,2,many of the older shows are missing  for  e g   yam hain hum  why is that   this was the only site where we could watch the full episodes  as in other sites  a few episodes are missing  and in some  the audio is muted due to copyright content  please do something about this    kindly stop removing old shows,1,0
SonyLIV,Roma Jayan,1,worst app     nothing are shown other than add     authorities you fix it,1,1
SonyLIV,Deepak Shetty,1,worst worst app ever seen my rating is in negative,1,1
SonyLIV,Khan Shahila,4,this aap is much batter because i see taarak mehta ka ooltah chashmah nice aap i suggest to download tmkoc fans thank you,0,0
SonyLIV,Rikgam Sangma,1,bad without subscribe not see tui,1,1
SonyLIV,Vishnu Jadhav,1,it has more add ons than tv shows and consumes more mobile data,1,1
SonyLIV,swarnava roy,1,worst streaming app since the born of the internet  even after subscribing to the premium plan        is not a joke     users are forced to watch     ads of       seconds back to back and not only that  these ad breaks come at an interval of   min on average  for an example during an   min football highlights i had to watch   ads of    seconds each  after   min   ads of      s  then again after   min   ads of      s  in a nutshell i had to watch   odd min of non skipable ads in a   min highlight,1,1
SonyLIV,nancy manocha,1,the most annoying useless app  it s like you are watching digital billboard  just add   in order to watch    minutes of content  you have to watch   hrs worth of adds,1,1
SonyLIV,Dipankar Das,5,special   subcription waste of money  only tv show run  no other  please do not subcribe  now day it ads show only every  min   to    ads please don t waste you money on sonyliv subscription,0,1
SonyLIV,Arnab Banerjee,1,ad liv  not sony liv  chelsea vs ajax highlights     oct       video duration   m   s     s  ads  including   breaks       s total watch time     s      mins    a     increase due to ads  a horrendous experience for subscribed users  guess the product managers at sony liv have a kpi of taking this app to   from     on the play store  if this continues  they re surely going to get there soon and cash in huge bonuses at the end of the year  hope jiohotstar gets the rights for uefa cl soon,1,0
SonyLIV,Urmila Singh,1,not for   star as well the worst app ever,1,1
SonyLIV,Blood Demon,1,just worst worst thing if there was any other option for ufc or other sport would straight up switch to that    ads    ads in a    mins video worst app to exist,1,1
SonyLIV,J T geming,1,paisa  khane  vala  app  hai,1,1
SonyLIV,Rahul Sardar,1,dont use this app because he is fraud may auto payment of but is not working,1,1
SonyLIV,Anika Shrivastava,1,wish i could give   stars or even negative even after subscribing you are seeing   ads in one break  worst ever app to have ever existed  please improve this before it loses all its charm,1,1
SonyLIV,Vandit Patel,1,ads adas ads   lets call it ad live,1,1
SonyLIV,Pruthu Vasist,1,freaking adds in    mins video   the worst app,1,1
SonyLIV,Akhilesh LIC,5,best app but buy subscription,0,0
SonyLIV,Sathish Kumar B,1,movies not streaming for more than    seconds,1,1
SonyLIV,Bop x007,5,good  but it can still be far better experience  lots and lots of advertisement nowadays  very irritating,0,1
SonyLIV,balaaje vs,1,worst ever app  too much ads and even pipe functionality is not working well,1,1
SonyLIV,Gobindo Baskey,1,worst streaming app ever downloaded,1,1
SonyLIV,nirv agr,1,worst ad policy  even after purchasing premium you are shown ads for shows like shark tank india million dollar listing india for   minutes continuously  and you can t watch them without premium,1,1
SonyLIV,Richu Nelson,1,irritating ads for live shows  even after taken a premium subscription for an year  i can adjust for ads for non live shows  but for live shows  ads shows each time we start a live match is so much irritating  this is really bad from a brand like sony,1,1
SonyLIV,Aash Mohammad,5,awesome bahut khoobsurat,0,0
SonyLIV,Ravi Kshirsager,1,super annoying app  need to see    mis of advertisement to watch content of    mins  super frustrating  bc banaya hi kyo,1,1
SonyLIV,Brijpal Singh,1,making watch ad after paying for subscription very clever of sonyliv,1,1
SonyLIV,sumit Goswami,1,worst streaming app i have ever used  even having the subscription     to    minutes highlights of a cricket match gets interrupted by ads in every   to   minutes  i won t renew it and never ever recommend it to anyone,1,1
SonyLIV,Akun Bundela,1,worst app     showing so many ads even after subscription    ghatiya app hai,1,1
SonyLIV,Cbi Patel,1,i ve cancelled my subscription but till money deduction from my account  looters,1,1
SonyLIV,Deepanshu pattanayak,1,casting to tv sucks and this is by far the worst streaming app,1,1
SonyLIV,Mehelo Kent,1,full of advertisements  greedy app,1,1
SonyLIV,endoravi,1,worst app ever  they cant even fix update related bugs  high time to delete this damn app,1,1
SonyLIV,Lakshit Jain,1,yahan per aapko ads dekhne ko milegi episode nahin dekhne ko milega kripya karke is app ko download na karen,1,1
SonyLIV,Mufaddal Burhanpurwala,1,premium subscribers also have to watch ads,1,1
SonyLIV,Ritik Chopra,1,took me    mins to finish a    min episode  more ads than shown on cable tv   x more than yt  i would rather find a show on hotstar than see ads here,1,1
SonyLIV,ankit Kumar,1,very bad experience i take   year subscription but when i play video video buffering lacking automatically off very very bad experience with sony liv i lost my amount,1,1
SonyLIV,Shamsher Singh,1,bleady thugs  they auto deduct without consent,1,0
SonyLIV,Vishnu Sharma,1,so many ads   it s irritating af   no wonder why users are shifting to other platforms,1,1
SonyLIV,Klausabhi,1,don t buy subscription  in subscription account   min ad every    min watching,1,1
SonyLIV,Pankaj,1,too many ads  never downloading again,1,1
SonyLIV,Ashwin,1,worst ott app ever    after buying the premium also i get ads after every   minutes in most of the content     i think sony liv owner should be forced to watch the ads before us   then they will understand,1,1
SonyLIV,nalinkant modi,5,very good very very good very good very nice  very good  so nice all serials are very good very good service,0,0
SonyLIV,Siddesh Patil,1,worst app watch any video its to much add,1,1
SonyLIV,Sachi Gujjar,5,app not updated help me,0,0
SonyLIV,Rahul. R Pillai,1,one of the best app to watch ads  don t know whether i have paid to watch content or ad  icing on the cake is these thugs are forcing to see ads before downloading,1,0
SonyLIV,Vikram Singh,1,why otp stop working from time to time  how will you compensate subscriber for this,1,1
SonyLIV,Deeps Entertainment,1,only ads and ads nothing else,1,1
SonyLIV,Suraram Mastan,1,west app not coming new movie      loss,1,0
SonyLIV,Raj Kumar,1,this is the worst streaming app never give any cricket series or tournament contract to sonyliv worst experience ever,1,1
SonyLIV,Aditya Panda,1,despite paying so much money   i see more than   ads on a   minute champions league football highlights video    this is just corporate greed,1,1
SonyLIV,Vansh Garg,1,lagging lagging and lagging even in subscription   this app sucks,1,1
SonyLIV,Tia tiba,2,just lots of ads every now and then  can t watch even highlights  just too much  ads are not even one but     ads every minute  pathetic   being a subscriber for so long   jio hotstar is far more better,1,1
SonyLIV,Khirod Behera,1,too much ads    it ruins the mood of watching any thing,1,1
SonyLIV,Umar Farooq,1,too many ads kills the joy of streaming,1,1
SonyLIV,Sainath Ramishetty,1,i got an ott subscription from airtel postpaid  but it shows   ads every   minutes,1,1
SonyLIV,Sambhav Bhatt,1,this app is showing much adds,1,1
SonyLIV,Bhushan Khandeshi,1,keeps disconnecting  have to re install every time i have to login,1,1
SonyLIV,Lokesh Kumar,1,pathetic experience no decent content but charged     per month  also didn t inform before charging,1,1
SonyLIV,Yashasvi Pillalamarri,1,too much ads even after premium,1,1
SonyLIV,Ananya Mondal,1,very very very very very very very very very very very very very very very very very very very very very very very very very very very very very very very very bad app,1,1
SonyLIV,Namo shankar Dwivedi,1,this app is a complete disappointment  even after paying for the premium subscription  it keeps showing tons of ads   before  during  and after every video  the so called  ad free  experience is a total lie  it feels like the developers only care about money  not the users  the app lags  crashes often  and ruins the whole experience of watching live shows or cricket matches  absolutely not worth the money or the time  i m uninstalling it   and i wouldn t recommend it to anyone,1,1
SonyLIV,Sushila Nama,1,this app give very lengthy add and no of ads so long,1,1
SonyLIV,Ravinder Hundal,1,it deserves not even   star worst app ever so many ads even if paid,1,1
SonyLIV,Mathew James,1,i have to watch six ads between videos now   no thanks  i ll treat elsewhere  won t be renewing my subscription either  good riddance,1,0
SonyLIV,Dhiren Panchal,1,nice program are getting spoiled by advertising sometime we fill odd to see adverse advertisement of adult contains   not happy after paying premium we need to see ads   not at all acceptable,1,1
SonyLIV,Harsh Gautam,1,worst streaming app ever in a    min episode of tmkoc there are   times ad break and every break contains   ad each of       sec  i know it is your policy but your total ad length is half of the video we are watching  for example if i wants to watch a video of    minutes then i have to watch ads of    minutes for watching the complete video  please give total ads length equal to   by   th part of the video,1,1
SonyLIV,Rakesh Kumar,1,only ads platform app,1,1
SonyLIV,Satyavan Satyavan,1,good experience while using the ultratech cement for construction the building,1,1
SonyLIV,nayan unjiya,1,i purchased a subscription for wwe  and it s removed  what about my money    also  you show too many ads after subscription  give back my money you force to see ads for subscribers on highlights,1,1
SonyLIV,Siddharth singh,1,wrost app for tmkoc because of   adds at a same time,1,1
SonyLIV,Rahmtullah 786,1,sirf zyada ad dekhaya jata hai is app me aur ad me zyada net vesht huta hai,1,1
SonyLIV,Hrishikesh Upadhyay,1,premium membership for ads,1,1
SonyLIV,Yusuf Aslam Khan,1,scumbag sony will bombard you with ads  for a   min highlight video you will get   mins of ads  sony will monetize oxygen if they have the chance,1,1
SonyLIV,ajay kumar,1,too much ads even for highlights facing   plus   ads in    min match highlights,1,1
SonyLIV,Raksha PN,1,the app has become worse the amount of ads is tooo irritating  in    mins serial every   or   mins an ad comes that to not just one ad but   ads at a time  that s so irritating and annoying   the old series and serials are removed  there are still few users who watch old serials  now every new serials or series or movies is premium  what should the users do  buy all premium     and after complaining there are     ads in each ad break,1,1
SonyLIV,abhishek shah,1,probably the worst user experience app on the ott  in start they showed   ads in reality shows at every    min  and that now turns to   ad per    min  so for    min episode you need to see    ads and that too    sec each  if anyone seeing this review  please please take user experience over money  i am not against ads but   is enough also why ad when i need to forward the episode    star if possible for this user experience,1,1
SonyLIV,Masrath K,1,this is the worst app i installed so much ad     ad in   break so irritating i ll never seen any app showing this much ad,1,1
SonyLIV,Mosam Malviya,1,uninformative just see their add on it,1,1
SonyLIV,Navin Nandal,1,can i give it        ads in    min video,1,1
SonyLIV,Jagira Balmiki,1,not a good platforming app,1,0
SonyLIV,sagar jadhav,2,it not working very well,1,1
SonyLIV,Om Prasad,1,bhaut bekar   episode me    ad per   min me details hai,1,1
SonyLIV,Philip Mathew,1,this app is not getting installed in my tv,1,1
SonyLIV,Subha Panda,1,horrible experience  even the app is laggy   it will show u adds just clicking indian idol  then only you can choose episodes list   u click any episode it will show adds again   after   mins in between someone just singing it will interrupt with   adds ranging from    to    secs each  such a let down   mood off  whats the point of subscription,1,1
SonyLIV,sydneyakareason,1,i was watching igt and it asked me to do a recharge to avoid ads and i did the mobile only recharge for a year and these people are still showing me ads  pathetic,1,1
SonyLIV,husen Jikani,1,ads very disturbing      ads is okay but  x ads is not fair,1,1
SonyLIV,AD13 x,1,too many and too long ads even when you have a subscription   i mean who has time and patience to watch    ads of    to    secs for not even a    min long video,1,1
SonyLIV,Pranav Kadam,1,sonyliv is showing me   minute ads for watching a   minute highlight video   streaming quality is good but the ads are quite annoying even for a premium member  i would prefer youtube to watch highlights,1,1
SonyLIV,Palvinder Nikita,1,how bad from sonyliv  i have taken jio setup box with the plan of sony liv in it and in   mins highlights i have to see    ads with   every   minutes  this is just so horrible and pathetic from sonyliv  shame on these guys,1,1
SonyLIV,Riyad Zaman,1,worst app  so many ads even after paying for any kind of subscription  the worst capitalistic mindset of the developers and publishers,1,1
SonyLIV,Yugaank Uprety,2,showing ads while trying to switch between football matches is absolutely pathetic and cheap  especially if you have taken paid membership,1,1
SonyLIV,Vineet Limaye,1,the worst ott app in play store i have used  the whole point of premium subscription is to have no ads  there were    ads in a    min highlights video  this has completely ruined my experience of watching any content  in addition to the ads  the overall ui   connectivity is mediocre  this app is absolute nonsense   won t be renewing this useless waste of time ott service  i would not recommend this app to anyone until there is a change in their greedy ad policy,1,1
SonyLIV,Arbaaz Shaikh,1,you sould stop doing your business from this app just because how many advertise is there  back to back back to back are you kidding me this is how you deal with your subscribers you are just fooling us your app is telling me to not take subscriptions anymore that s it this is total ridiculous,1,1
SonyLIV,Ummey Kulsum,1,please i swear on god don t install this app here is so many adds in any show or movie   adds in   minutes i ll see the show and repeat again and again   adds in   or three minutes it s horrible experience please don t waste your time,1,1
SonyLIV,Ishaan Sharma,1,worst app i ve ever experienced  they show    ads in   mins match highlights  annoying app,1,1
ZEE5,skull man,4,nice app must download                   pm,0,0
ZEE5,Prasad Bhoite,1,worst streaming platform  i feel cheated,1,1
ZEE5,SANTHOSH KUMAR G,1,worst app in ott zee    no friendly finding,1,0
ZEE5,Sargam Moon,1,bhut jyada ghatiya aap h       last or pichle episodes ko dekhne ke liye b subscription lo paise do tb jake dekho vo bhi itne sare adds ke sath         please ise apps ko band kro jo itni jyada irritating ho      i hate this app      bakwas,1,0
ZEE5,Marella Chaitanya,1,you are cheating customers  when we take an ad free package after  months you are showing ads,1,1
ZEE5,Rakesh Diwakar,1,after taking subscription still too many ads one of worst ott platform,1,1
ZEE5,Manish H,1,too much of adds worst app,1,1
ZEE5,gopi krishna,1,zee thirai tamil single add repeated    times irritating adds please stop,1,1
ZEE5,kunal bagaria,1,with the amount of ads they show  it s impossible to keep this app  plus in paid subscription also they are showing its with ads,1,1
ZEE5,Prashant Bennur,2,takes deceds to load home page even after have good bandwidth,1,0
ZEE5,Mukesh Gupta,1,worse app for family as gives adds of adults condoms  even you are prime member    company should look in to jt,1,0
ZEE5,maruthi sharma,1,thu      th grade app is better  how u r asking ratings falthu app recharged for telugu  but activated for bojpuri this was ur standards and maintenance again asking ratings thu,1,0
ZEE5,sandhya,5,i need subscription free there is no budjet,0,1
ZEE5,Pirates Of Carrebian,1,purchased rating worst,1,1
ZEE5,Suneel kushwaha,1,bakwas app h recharge karne par bhi nhi dikha raha show s,1,1
ZEE5,Gautam Jha,1,z  is very bad it has so many ads,1,1
ZEE5,DUARTE Fernandes,5,nice thanks good  thanks,0,0
ZEE5,akshataj Daivajnacharya,1,worst app last night i was watching rashmi rocket movies because i was sleepy so slept so that i can watch next day  today i wanted continue to watch it but all of sudden it s for rent now  i am removing the app waste and disgusting app ever,1,1
ZEE5,Bhimashankar Kavatagi,1,after subscription also getting ads,1,1
ZEE5,Girish Ghanekar,5,,0,1
ZEE5,Neeraj Sharma,1,kaisa app hai mere phone mein zee  app download nahi ho rha hai this is not write jisko jo kuch bhi zee tv dekhna hoga vo kaise dekhe ga,1,0
ZEE5,Ranjit Pradha,5,so good very nice,0,0
ZEE5,Vivek Vivek,5,iam giving   stars for sa re ga maa paa on that for sudheer bro only iam giving,0,1
ZEE5,Onkar Singh,2,i just watched   serial on this app but usually i faced network issues although i m wifi or having internet  but just showing adds not serial still i m trying again and again   but not working,1,1
ZEE5,Rahul Goel,1,poor app  so much ads even after paying for subscription,1,1
ZEE5,M S Siddiqui,1,very bad app only add show   minet add      add   hrs very bad     add par minet no download this app,1,1
ZEE5,Aditya Tiwari,5,reality dikhane k liye,0,0
ZEE5,Parsnal Account,1,please don t download it because you have to pay for it  you can download jio hotstar and it s free,1,1
ZEE5,abhishek dutt,1,application is really poor  least user friendly app ever came across  just want to charge for the subscription but don t actually provide the service and make experience worst for users who is actually paying for their subscription and not getting bundle otts subscription at a cheaper price  poor  pathetic and disgusting customer service  their response  wait time is beyond horrendous,1,1
ZEE5,Pradip Pradhan,5,i wont tum se tum tak all episode,0,0
ZEE5,aman bhal,4,improving very slowly but surely,0,0
ZEE5,Viren Verma,5,best app for user thanks zee group,0,0
ZEE5,suresh chowdhary,1,adds are to much  please don t suggest like this ott,1,1
ZEE5,Kittu Kumar,4,movie chale nhi ho rha h,0,1
ZEE5,Mohammed Sallam,1,in the tv app  after avery ads  the screen flickers and stucks  will have to change the change the video setting manually to full hd  then it is normal  problem happens after the ads are finished  look into it,1,1
ZEE5,45 Shivgan Diksha Dipak,2,i can not do download i wnat to download,1,1
ZEE5,Sreenivasa Rao Pathina,1,can t play kishkindapuri movie even after    rupees paid for a month    disappointed,1,1
ZEE5,Bujjam Radhika,5,bujjam radhika     super app,0,1
ZEE5,GODI RAJU,1,worst app with lots of ads and software issues,1,1
ZEE5,Debabrata Dirghangi,5,t v  serial porinita free kore din amer t v set kharab tai dekhte pai na,0,0
ZEE5,Santhosh Suresh,5,super        iam happy,0,0
ZEE5,Rohit Yadav,1,this app paid users to buy their subscription  some random guy came to me and they pay for my subscription and said that they will got commission for this,1,1
ZEE5,ALAN LAWRENCE,5,alan lawrence very good,0,0
ZEE5,Sudeep Karanth,1,i can t able to renew my subscription,1,1
ZEE5,Arnest Rani,5,i see best tumse tumtak,0,0
ZEE5,mohan v r r,1,so much advertisements  very very very very horrible,1,1
ZEE5,Navneet Mishra,5,it s provided a healthy intertanment,0,1
ZEE5,Jyot,1,since couple of days   condom ad is running on the platform while watching some television shows with family it feels so embarrassing to watch it  i would request zee  app team to control such ads,1,1
ZEE5,Shana Islam,5,half episodes q dalte hai baki to is good,0,1
ZEE5,PAWAN KUMAR,5,free mein dikhaye   aapka chainal   bahut achha lagata,0,1
ZEE5,Ajay Suresh,1,technical error  once logged out and then logged it s asking me to buy plan again,1,1
ZEE5,s khaja,4,zee telugu super channel,0,0
ZEE5,Harish K T,4,,0,1
ZEE5,satyendra kumar singh,1,it is not good it s taking rupees,1,1
ZEE5,Ansikha,5,this app is very good,0,0
ZEE5,Chandan Howly,5,aaqaaa aa s aa aa aa aaa aa aa aa                                 wa       aaa aaawa aaw aa aaaaaaaaa aa aaw,0,1
ZEE5,Pramod Yadav,5,e  jggj o kngg   u   y sotn hu it ki paudi,0,1
ZEE5,PARASHURAM RAO KATKAR.S,1,below than third class  downloaded videos never ever played with the internet or without internet  not worthy of what i paid,1,1
ZEE5,suraj kumar Ram,1,i have taken the jio fiber plan with all ott subscription and on that zee  is at its premium but now zee   is showing me to pay for the premium why,1,1
ZEE5,Akash T,1,worst app  scamming using tricks,1,1
ZEE5,Prabhulinga I H,1,third class app don t download it  it s waste of time and money also,1,1
ZEE5,Vishwas Karotiya,5,good service for your reference    please check the bengal file,0,1
ZEE5,Madhura Khobragade,1,i have been a true ambassador of zee  for years but i hate how you ve changed your pricing   based on language  for me to buy monthly   hindi  marathi   i only have an option to buy marathi   gujarati and to watch hindi somehow it s clubbed only with punjabi and bhojpuri   i don t understand why this grouping  it s presumptuous and offensive  if you say data  as a data analyst myself  data needs to be human  anyway i m forced to buy   all access  i dont mind the price  i mind the reason,1,1
ZEE5,Meghana R,5,i want this app again,0,1
ZEE5,Shalinijk Khajure,5,i think i love zee  kannada,0,0
ZEE5,Jinoshan Jino,1,i subscribed once to watch a movie for a small fee  but zee  charged me a big amount without my permission  very disappointed   please be careful before subscribing,1,1
ZEE5,Jitu Yadav,1,full episode nahin chal raha,1,1
ZEE5,Anil Tirlotkar,2,this app not working in my thomson tv    inch the tv base on linux operating systems,1,1
ZEE5,Devesh singh,1,the audio problem makes it unbearable to play anything  the difference is very huge  content sound feels    and ad volumn like        ads are sudden and totally spoils the viewing experience,1,1
ZEE5,HP,1,while watching show volume is normal but when the ad plays the volume raises high that s not good,1,0
ZEE5,Azhar Ghalib,1,i have banned zee  because it has   ads in every   minutes in an episode which seems quite irritating  if ads come   times in an episode then it seems fine  those   ads are coming in every   minutes  this app is the worst,1,1
ZEE5,Mahendra Vaishnav,1,unable to download the movie offline button not working  i tried multiple times   and rather the  replying to the same bot auto response  you should work on resolving the issue,1,1
ZEE5,Prarthana Ubale,1,only premium ones can use this app updated version is not good,1,1
